"planilha","acao","n","detalhe"
"network","espaços nas pontas removidos (células)",110,""
"site","espaços nas pontas removidos (células)",814,""
"variable","espaços nas pontas removidos (células)",224,""
"site_variables","espaços nas pontas removidos (células)",720,""
"authors","espaços nas pontas removidos (células)",137,""
"publications","espaços nas pontas removidos (células)",199,""
"groups_time","espaços nas pontas removidos (células)",1220,""
"variable","referência/URL do protocolo trazidas das colunas sem nome (linhas deslocadas)",24,"MarineGEO, PPBioCS"
"variable","referência do protocolo trazida das colunas sem nome",1,"BDCTamar Turtle.N"
"variable","PPBio Amp.rept: abiotic -> biotic; métrica 'abundance' voltou para Metrics",2,""
"variable","BDCTamar Turtle.Interac: Group_especific 'woody plants' -> 'marine turtles'",1,""
"variable","PPBioCS: Group_especific com o valor de Metrics -> 'na'",3,""
"network","Network.ID 'PPRebioUnião (observação...)' -> 'PPRebioUnião' (observação movida para Network.OBS)",1,""
"site","Network.ID unificado",7,"Planta -> Plant"
"site","Network.ID unificado",6,"PPBioSinop -> PPBio.Sinop"
"variable","Network.ID unificado",2,"Lev_ComPalmVar -> LEV_ComPalmVar"
"variable","Network.ID unificado",2,"PDBFF -> PBDFF"
"variable","Network.ID unificado",35,"PELD FORR -> PELDFORR"
"variable","Network.ID unificado",22,"Instituto Amazónico de Investigaciones Científicas SINCHI -> SINCHI"
"variable","Network.ID unificado",10,"PPBioSinop -> PPBio.Sinop"
"site_variables","Network.ID unificado",6,"LEV_Com_PalmFixed -> LEV_ComPalmFixed"
"site_variables","Network.ID unificado",6,"Lev_ComPalmVar -> LEV_ComPalmVar"
"site_variables","Network.ID unificado",13,"PDBFF -> PBDFF"
"site_variables","Network.ID unificado",6,"PPbioAN ou PBPaAg -> PBPaAg"
"site_variables","Network.ID unificado",34,"Instituto Amazónico de Investigaciones Científicas SINCHI -> SINCHI"
"site_variables","Network.ID unificado",45,"PPBioSinop -> PPBio.Sinop"
"authors","Network.ID unificado",3,"LEV_Com_PalmFixed -> LEV_ComPalmFixed"
"authors","Network.ID unificado",3,"Lev_ComPalmVar -> LEV_ComPalmVar"
"authors","Network.ID unificado",1,"OPWALL-ECU -> OPWALL-ECU-T"
"authors","Network.ID unificado",1,"PPBio Am Oc -> PPBio AmOc"
"authors","Network.ID unificado",1,"PPBioSinop -> PPBio.Sinop"
"publications","Network.ID unificado",1,"LB.CS -> LEB.CS"
"publications","Network.ID unificado",1,"PPBio Am Oc -> PPBio AmOc"
"publications","Network.ID unificado",5,"PPBioSinop -> PPBio.Sinop"
"groups_time","Network.ID unificado",66,"Bio.M.A -> Bio.M.A."
"groups_time","Network.ID unificado",19,"PPBIOMA -> PPBioMA"
"groups_time","Network.ID unificado",2,"Rede ripária -> Rede Ripária"
"groups_time","Network.ID unificado",1,"monitora.mar.pr -> Monitora.Mar.Pr"
"groups_time","Network.ID unificado",4,"fundamazonia -> FundAmazonia"
"groups_time","Network.ID unificado",2,"pmcc -> PMCC"
"groups_time","Network.ID unificado",1,"monitoramento_barcarena -> Monitoramento_Barcarena"
"groups_time","Network.ID unificado",2,"Monitora.mar.pr -> Monitora.Mar.Pr"
"groups_time","Network.ID unificado",5,"igarapes -> Igarapes"
"authors","'POPA APAS and POPA FNT' separado em duas linhas (POPA APAS e POPA FNT)",4,""
"groups_time","taxonomia 'na' preenchida com a de outro registro da mesma espécie",10,"Brosimum guianense, Tayassu pecari, Ramphastos tucanus, Ulex europaeus"
"network","linhas repetidas removidas",4,"PPBioMA: 2; PPBioAM: 1; PPSantana: 1"
"variable","linhas repetidas removidas",190,"PPBioMA: 60; Monitora.Ter: 36; EFMAsmallmammals: 23; PELDFORR: 16; PELD - IAFA: 11; ReefCheck: 8; POPA FNT: 7; PPBioCS: 4; LEB.CS: 3; LEB.GD: 3; Monitora.Mar.Pr: 3; POPA APAF: 3; POPA APAS: 3; POPA ervas: 3; BISC: 2; Monit.Flittoralis: 2; BDCTamar: 1; Bio.LEP: 1; Rede.Biomar-Coral.Vivo: 1"
"site_variables","linhas repetidas removidas",1351,"RLS: 313; POPA FNT: 223; Plant: 155; POPA APAF: 143; PPBioMA: 110; POPA APAS: 86; PMP.BCES: 83; Rede.Biomar-Coral.Vivo: 45; PMP.SEAL: 40; PMP.BS.SCPR: 36; PMP.RNCE: 29; PELDFORR: 26; PMP.BS.SP: 24; PMP.BS.RJ: 10; OPWALL-HON-T: 9; MBS: 6; PELD - IAFA: 6; POPA ervas: 2; DryFlor_Brazil: 1; MarineGEO: 1; Pirarucu.AM: 1; PPBio AmOc: 1; Rede Ripária: 1"
"authors","linhas repetidas removidas",116,"PPBioMA: 75; PELDFORR: 15; POPA FNT: 10; PELD - IAFA: 5; POPA APAS: 4; POPA APAF: 3; POPA ervas: 3; Monitora.FLO: 1"
"publications","linhas repetidas removidas",111,"PPBioMA: 73; PELDFORR: 17; POPA APAF: 4; PPFunil: 4; Monitora.Mar.Pr: 3; POPA APAS: 3; Monitora.FLO: 2; PEBANPA: 2; PELD - IAFA: 1; Plant: 1; POPA FNT: 1"
"groups_time","linhas repetidas removidas",70,"ATDN: 12; IFFSC: 11; BAMGES: 7; PPInMaP/2020: 6; Univ.Andes: 6; Col-Tree: 5; PELD-BSFU: 4; POPA: 3; LEB: 2; Pirizal: 2; DipteraAp: 1; FundAmazonia: 1; OPWALL: 1; PBPaAg: 1; PELD-BISC: 1; Plant: 1; PMBioSA: 1; PMCC: 1; PMP: 1; PPBioTermites: 1; PPRebioUnião: 1; ReefCheck: 1"
