"country","iso3","land_area_km2","gdp_usd_2021"
"Barbados","BRB",430,5948900600
"Saint Lucia","LCA",610,1871111111.11111
"Panama","PAN",74180,67396392500
"Jamaica","JAM",10830,15963885376.3537
"Honduras","HND",111890,28144331506.6149
"Trinidad and Tobago","TTO",5130,24222963262.7213
"Haiti","HTI",27560,20754978152.2134
"Dominican Republic","DOM",48198.02,94850719516.7127
"Brazil","BRA",8358140,1670647398904.9
"Costa Rica","CRI",51060,65588938787.0243
"Bahamas","BHS",10010,1.2037e+10
"Ecuador","ECU",248360,107179074000
"Suriname","SUR",160507.61,3107923197.96954
"Guyana","GUY",211140,8041362110.31175
"Colombia","COL",1109500,318524633225.395
"Peru","PER",1280000,226406075008.878
"Venezuela","VEN",882050,56615026262.6535
"Chile","CHL",742831.64,315507493783.262
"Cuba","CUB",103800,NA
"Nicaragua","NIC",120340,14209019392.3025
"Mexico","MEX",1943950,1316569466833.94
"Uruguay","URY",175020,60739061281.1628
"Argentina","ARG",2736690,486564085480.036
"Bolivia","BOL",1083300,47877892402.3155
"Paraguay","PRY",397300,39937357255.8716
"Belize","BLZ",22810,2428606250
"Guatemala","GTM",107160,86455522272.7383
"El Salvador","SLV",20720,29043140000
