"Network.ID","dur","ls","n_sp"
"ATDN",25,15,228
"BAMGES",13,10,147
"BST-Col",4,70,11
"Bio.LEP",9,0.019,68
"Bio.M.A.",23,12,47
"Col-Tree",23,150,66
"DipteraAp",6,0.019,6
"DryFlor_Brazil",14,100,13
"EFMAsmallmammals",12,15,81
"EcoEvol-group",16,4,1
"FundAmazonia",2,18.5,11
"GLORIA-Andes",20,1,1
"GMSM",1,13,5
"Garrafão",22,4.25,4
"IFFSC",23,50,57
"Igarapes",5,5,5
"LEB",15,10,11
"LERSAF",21,500,1
"LEV",15,62.5,4
"LTER-CRSC_insects",8,0.019,10
"MarineGEO",10,10,16
"Monit.Flittoralis",18,11,16
"Monitora.Mar.Pr",4,10,11
"Monitora.Ter",4,15,80
"Monitoramento_Barcarena",1,8,3
"OPWALL",13,10,75
"PBPaAg",15,14,23
"PELD - IAFA",20,5,3
"PELD-BISC",8,15,64
"PELD-BSFU",11,17.75,92
"PELD.RioDoce.sub.II",7,6,3
"PELDFORR",15,25,21
"PMBioSA",7,15,13
"PMCC",21,19.5,8
"PMP",12,30,52
"POPA",3,20,17
"PPBio AmOc",11,23.5,2
"PPBio.Sinop",12,3,5
"PPBioCS",11,7,55
"PPBioMA",18,15,5
"PPBioRO",12,5,27
"PPBioTermites",6,2,2
"PPInMaP/2020",1,25,76
"PPRebioUnião",21,29,14
"Pirizal",5,10,16
"Plant",9,50,7
"REMAR",9,11,1
"Rede Ripária",4,5,1
"ReefCheck",24,50,7
"TEAM",9,13,6
"Univ.Andes",60,80,57
"e-Phenology/LTER-CRSC",11,20,5
