"country","iso3","land_area_km2","sites_on_land","projects","sites_per_100k_km2"
"Barbados","BRB",430,8,1,1860.47
"Saint Lucia","LCA",610,6,1,983.61
"Panama","PAN",74180,180,5,242.65
"Jamaica","JAM",10830,26,1,240.07
"Honduras","HND",111890,180,2,160.87
"Trinidad and Tobago","TTO",5130,7,1,136.45
"Haiti","HTI",27560,23,1,83.45
"Dominican Republic","DOM",48198.02,27,1,56.02
"Brazil","BRA",8358140,2543,97,30.43
"Costa Rica","CRI",51060,11,3,21.54
"Bahamas","BHS",10010,2,1,19.98
"Ecuador","ECU",248360,46,6,18.52
"Suriname","SUR",160507.61,24,2,14.95
"Guyana","GUY",211140,20,1,9.47
"Colombia","COL",1109500,96,6,8.65
"Peru","PER",1280000,102,4,7.97
"Venezuela","VEN",882050,47,3,5.33
"Chile","CHL",742831.64,29,4,3.9
"Cuba","CUB",103800,4,1,3.85
"Nicaragua","NIC",120340,3,1,2.49
"Mexico","MEX",1943950,46,3,2.37
"Uruguay","URY",175020,1,1,0.57
"Argentina","ARG",2736690,14,3,0.51
"Bolivia","BOL",1083300,5,2,0.46
"Paraguay","PRY",397300,0,0,0
"Belize","BLZ",22810,0,0,0
"Guatemala","GTM",107160,0,0,0
"El Salvador","SLV",20720,0,0,0
