"realm","variant","res_deg","iterations_per_chain","chains","draws_pooled","sites_in_class","records_counted","cells_with_records","cells_total","factor","half_distance_km","half_lo","half_hi","rate_at_100km","Rhat","ESS_total","convergiu"
"mar","A","0.5","1e+06",4,32000,1899,1886,302,6679,"ports",77650,15040,1853782,0.999,1.013,353,"NAO"
"mar","A","0.5","1e+06",4,32000,1899,1886,302,6679,"airports",959,673,1621,0.93,1.001,5422,"sim"
"mar","A","0.5","1e+06",4,32000,1899,1886,302,6679,"cities",1739,1426,2212,0.961,1,15873,"sim"
"mar","A","0.5","1e+06",4,32000,1899,1886,302,6679,"coast",15,14,16,0.011,1,32000,"sim"
"mar","A","0.5","1e+06",4,32000,1899,1886,302,6679,"institutions",117135,24148,3056943,0.999,1.009,335,"NAO"
"mar","B","0.5","1e+06",4,32000,379,373,302,6969,"ports",10683,2074,547444,0.994,1.027,427,"sim"
"mar","B","0.5","1e+06",4,32000,379,373,302,6969,"airports",517,330,1074,0.875,1.002,3940,"sim"
"mar","B","0.5","1e+06",4,32000,379,373,302,6969,"cities",10841,3013,249346,0.994,1.012,375,"NAO"
"mar","B","0.5","1e+06",4,32000,379,373,302,6969,"coast",17,15,20,0.019,1,30210,"sim"
"mar","B","0.5","1e+06",4,32000,379,373,302,6969,"institutions",11661,2550,254898,0.994,1.002,475,"sim"
"terra","A","1","1e+06",4,32000,2690,2496,243,1571,"roads",257,180,438,0.764,1.001,5478,"sim"
"terra","A","1","1e+06",4,32000,2690,2496,243,1571,"cities",305909,63578,9950658,1,1.015,400,"NAO"
"terra","A","1","1e+06",4,32000,2690,2496,243,1571,"waterbodies",100,90,112,0.501,1,32000,"sim"
"terra","A","1","1e+06",4,32000,2690,2496,243,1571,"airports",762,586,1095,0.913,1,9867,"sim"
"terra","A","1","1e+06",4,32000,2690,2496,243,1571,"institutions",167,150,189,0.661,1,18428,"sim"
"terra","B","1","1e+06",4,32000,398,363,243,1571,"roads",1841,404,81314,0.963,1.016,497,"sim"
"terra","B","1","1e+06",4,32000,398,363,243,1571,"cities",27132,6529,648939,0.997,1.014,552,"sim"
"terra","B","1","1e+06",4,32000,398,363,243,1571,"waterbodies",143,104,223,0.617,1,9347,"sim"
"terra","B","1","1e+06",4,32000,398,363,243,1571,"airports",528,335,1169,0.877,1,3238,"sim"
"terra","B","1","1e+06",4,32000,398,363,243,1571,"institutions",261,186,433,0.767,1.001,4824,"sim"
